,token,POS,count,relevance
0,reuse,VERB,1,0.2804123293714107
1,run,VERB,125,0.21713164263808524
2,reduce,VERB,48,0.2082534370025568
3,tether,VERB,1,0.30138354969025094
4,pedal,VERB,2,0.24360526496977006
5,motorize,VERB,7,0.20387507906147595
6,school,VERB,1,0.24899877823465372
7,drop,VERB,39,0.21741093698510464
8,drive,VERB,135,0.4602890943015365
9,travel,VERB,67,0.21478098140658836
10,bypass,VERB,4,0.43298341241538507
11,direct,VERB,3,0.2100297356648676
12,hardware,VERB,1,0.3538637954714164
13,mount,VERB,1,0.25684907766589676
14,around,VERB,1,0.29687398914202723
15,control,VERB,15,0.3432627520440711
16,near,VERB,1,0.3186580325469558
17,offset,VERB,2,0.21188040452264173
18,mover,VERB,2,0.3254408119840243
19,waste,VERB,5,0.31614247789046934
20,pool,VERB,5,0.2892591160031195
21,branch,VERB,1,0.347810063263829
22,skateboard,VERB,1,0.28519394060447445
23,pack,VERB,1,0.25140374654058295
24,land,VERB,4,0.4523086880540627
25,dodge,VERB,2,0.30187373545966223
26,act,VERB,3,0.23989576156991096
27,center,VERB,1,0.29002921120234904
28,place,VERB,7,0.27585773278713455
29,police,VERB,1,0.37233498199451887
30,use,VERB,244,0.2220070161444037
31,program,VERB,9,0.30691324087004795
32,move,VERB,89,0.21031975954449894
33,wire,VERB,1,0.308875693000559
34,dispatch,VERB,2,0.2201440604032921
35,stop,VERB,54,0.24853304081716293
36,lower,VERB,4,0.30584103676495483
37,hoverboard,VERB,1,0.35473582061338804
38,lease,VERB,1,0.30900576654420986
39,tax,VERB,2,0.3259226543283085
40,model,VERB,1,0.2721316174616888
41,refuel,VERB,1,0.20290589976748014
42,craft,VERB,1,0.4301705171773287
43,permit,VERB,1,0.28708686060544203
44,square,VERB,1,0.3729681287770701
45,wheel,VERB,2,0.44142511850441607
46,recharge,VERB,4,0.21519807178308137
47,screw,VERB,1,0.24514988726377185
48,accord,VERB,1,0.22675019172268995
49,getthere,VERB,1,0.31814640885447126
50,switch,VERB,5,0.25195301918816815
51,point,VERB,2,0.2521483566159355
52,selfpropelled,VERB,1,0.2839377544201338
53,open,VERB,9,0.2218088317525761
54,license,VERB,2,0.3411795606197467
55,deposit,VERB,1,0.3054752566304524
56,range,VERB,4,0.3359696464187426
57,exit,VERB,3,0.35931084853989587
58,dial,VERB,1,0.20492462794793131
59,charge,VERB,26,0.25744422580466875
60,fund,VERB,4,0.20712789271102605
61,bar,VERB,1,0.24265298365324234
62,supply,VERB,1,0.34599176208379506
63,lightning,VERB,1,0.2051037356866969
64,town,VERB,1,0.6409688353802443
65,border,VERB,1,0.3658079885035058
66,state,VERB,1,0.43199733194018797
67,load,VERB,4,0.3400983122232983
68,ship,VERB,1,0.5484711156640679
69,board,VERB,4,0.22763864413795887
70,interconnect,VERB,2,0.2257962411897943
71,redesign,VERB,1,0.2590353738493252
72,rotors,VERB,1,0.2956875738601641
73,cost,VERB,7,0.34710560957882475
74,glare,VERB,1,0.21352302354101668
75,glide,VERB,4,0.2642665753986511
76,map,VERB,1,0.27316013415855
77,type,VERB,4,0.2846952716357377
78,carpooling,VERB,10,0.34306559891352983
79,filter,VERB,1,0.22462545684787014
80,express,VERB,2,0.20919889878217746
81,flag,VERB,2,0.31748772733705366
82,aboveground,VERB,1,0.3165529259027968
83,operate,VERB,23,0.2596457393115887
84,chain,VERB,1,0.34716540760067244
85,nonpolluting,VERB,1,0.20249201525079263
86,disable,VERB,1,0.20389905013672205
87,shuttle,VERB,4,0.50068742035363
88,tow,VERB,1,0.3677208989497537
89,service,VERB,5,0.40284536302361035
90,dart,VERB,1,0.31642596169277043
91,lug,VERB,1,0.25871549434577484
92,rack,VERB,3,0.2662922138062046
93,hover,VERB,9,0.2869290376031671
94,plan,VERB,4,0.3922580899435756
95,upgrade,VERB,1,0.4062988930147055
96,condition,VERB,2,0.20054903209411415
97,funnel,VERB,2,0.3092168791547494
98,park,VERB,12,0.3958480277000856
99,double,VERB,1,0.24251487517713255
100,store,VERB,6,0.3321521052581335
101,back,VERB,2,0.20551291173302078
102,incline,VERB,1,0.2903523869354896
103,train,VERB,3,0.5751380579691464
104,harness,VERB,3,0.20632184298615816
105,bicyclists,VERB,1,0.3267033873821953
106,lift,VERB,7,0.384125631629143
107,pit,VERB,1,0.3113620611046134
108,driverless,VERB,1,0.44736040572719804
109,station,VERB,3,0.647254845866885
110,ride,VERB,65,0.39431880134605307
111,transport,VERB,42,0.5411269005015813
112,speed,VERB,3,0.4019156893150948
113,ferry,VERB,1,0.4350564852557279
114,port,VERB,1,0.5058291112869897
115,fuel,VERB,1,0.5068225676430179
116,circle,VERB,5,0.2748507859449319
117,rest,VERB,1,0.23744410021487927
118,shop,VERB,6,0.2319013483018717
119,increase,VERB,7,0.2295705724788524
120,float,VERB,4,0.30389537443230674
121,access,VERB,6,0.28223829808198353
122,function,VERB,7,0.279629333258639
123,halt,VERB,1,0.20497844681637134
124,ridesharing,VERB,3,0.34354931827355983
125,house,VERB,2,0.31628500653193736
126,target,VERB,1,0.3893329154061653
127,force,VERB,1,0.31526625090619953
128,stock,VERB,1,0.3553937851674446
129,paddle,VERB,1,0.24878285356750834
130,sport,VERB,1,0.21265631608162766
131,toll,VERB,1,0.3775333272595749
132,base,VERB,20,0.4856571945107938
133,cycle,VERB,1,0.24814725241443997
134,limit,VERB,3,0.23245225836653005
135,bike,VERB,8,0.5643797310512227
136,design,VERB,1,0.24695320685727365
137,setup,VERB,1,0.26636590101797236
138,light,VERB,2,0.3080989741726456
139,pitch,VERB,1,0.22415076137106915
140,space,VERB,2,0.40067159157181176
141,downtown,VERB,3,0.7016198646322833
142,block,VERB,1,0.44249453711643916
143,network,VERB,5,0.35133605410545665
144,stretch,VERB,1,0.34425252215087265
145,retrofit,VERB,1,0.3318664011086669
146,combat,VERB,3,0.2745020189653419
147,alert,VERB,1,0.22348291931260017
148,crowd,VERB,3,0.2696419137632822
149,rent,VERB,16,0.20773799710315577
150,scrap,VERB,1,0.290275989143998
151,auto,VERB,1,0.48047875025345327
152,lock,VERB,8,0.2677686373248777
153,image,VERB,1,0.22390177947257833
154,ring,VERB,1,0.30450226350912446
155,dump,VERB,1,0.3748050555055822
156,dmv,VERB,1,0.40529561445087925
157,brand,VERB,1,0.20086914048765167
158,haul,VERB,2,0.21545249753305412
159,orbit,VERB,1,0.358432651031508
160,overhang,VERB,1,0.21171744856879107
161,boost,VERB,3,0.2085360332079936
162,maneuver,VERB,2,0.25701600988709616
163,plow,VERB,2,0.240066487065749
164,group,VERB,4,0.2839601239356594
165,power,VERB,37,0.3231694230339914
166,schedule,VERB,8,0.23841281585279214
167,carpool,VERB,7,0.2969981423611164
168,reserve,VERB,7,0.28657518285155403
169,rideshare,VERB,2,0.3654262705889676
170,snow,VERB,1,0.2084348579402045
171,order,VERB,9,0.2102422677673171
172,pilot,VERB,1,0.21393819864396943
173,rate,VERB,2,0.28532998456599507
174,seat,VERB,5,0.36351110979604934
175,line,VERB,2,0.4882143236957641
176,level,VERB,1,0.25125372397347323
177,purchase,VERB,4,0.21151244456270213
178,ski,VERB,2,0.2859630513846696
179,transfer,VERB,6,0.2759270427267895
180,damage,VERB,1,0.2500074689268881
181,bicycle,VERB,4,0.5787395633583634
182,flow,VERB,3,0.26858440794483945
183,plug,VERB,7,0.35247634168589465
184,end,VERB,6,0.20104069964512256
185,day,PROPN,1,0.22633766723473636
186,commuters,PROPN,1,0.42992122255393495
187,park,PROPN,1,0.3958480277000856
188,traffic,PROPN,2,0.6078141269103737
189,new,PROPN,7,0.3687218691665467
190,southgate,PROPN,1,0.23419002802694766
191,japan,PROPN,5,0.21285562222286777
192,electric,PROPN,2,0.37398036981257876
193,maglev,PROPN,1,0.4407869913907155
194,neighborhood,PROPN,1,0.5477032620316608
195,use,PROPN,2,0.2220070161444037
196,hq,PROPN,1,0.37728894059123247
197,hov,PROPN,1,0.42724920750283246
198,walmart,PROPN,1,0.2991525062910387
199,motorcycle,PROPN,4,0.5272350988903305
200,horses,PROPN,1,0.22077222630656368
201,carmax,PROPN,1,0.3023896081447583
202,rideshare,PROPN,1,0.3654262705889676
203,petroleum,PROPN,1,0.2856378476594793
204,customers,PROPN,1,0.3533858654698287
205,community,PROPN,2,0.2991432028411143
206,end,PROPN,1,0.20104069964512256
207,cng,PROPN,1,0.49850043766759433
208,system,PROPN,3,0.5034336530382274
209,stations,PROPN,1,0.5143335945601897
210,water,PROPN,1,0.4300256644039264
211,united,PROPN,1,0.298779129542926
212,running,PROPN,1,0.23552574246412866
213,small,PROPN,2,0.20284825983592703
214,drone,PROPN,2,0.3649623632627703
215,train,PROPN,1,0.5751380579691464
216,detroit,PROPN,4,0.26578147138945296
217,efficiency,PROPN,1,0.2902344403894625
218,hover,PROPN,2,0.2869290376031671
219,body,PROPN,3,0.35544081534669053
220,east,PROPN,1,0.3063002791378917
221,tax,PROPN,2,0.3259226543283085
222,subways,PROPN,2,0.28658287116746073
223,solar,PROPN,5,0.37626251394305016
224,systems,PROPN,1,0.35612529873326765
225,rikshaw,PROPN,1,0.38939818053349207
226,hyperloop,PROPN,4,0.35768093918294996
227,suv,PROPN,2,0.6450187875573354
228,rental,PROPN,1,0.27725418228703
229,government,PROPN,2,0.2908422360153954
230,biogas,PROPN,1,0.3737974752884352
231,trains,PROPN,3,0.5236401338559675
232,gm,PROPN,1,0.2503229500137925
233,city,PROPN,6,1.070729463163538
234,move,PROPN,1,0.21031975954449894
235,india,PROPN,1,0.22144783666359794
236,zipcars,PROPN,2,0.33825146711935994
237,products,PROPN,1,0.3022022888472066
238,transportation,PROPN,2,0.6368028998296579
239,continuous,PROPN,1,0.27341963160178534
240,airport,PROPN,1,0.5778986590350883
241,scooter,PROPN,5,0.44059169769193557
242,wheelers,PROPN,1,0.4096502443088743
243,canada,PROPN,1,0.2596518320191643
244,china,PROPN,1,0.26411122817539867
245,dam,PROPN,1,0.34030308744922416
246,people,PROPN,7,0.20123303703723866
247,trucks,PROPN,1,0.7245154004937938
248,app,PROPN,2,0.26263579706096485
249,rent,PROPN,1,0.20773799710315577
250,eco,PROPN,1,0.2554415946493832
251,customer,PROPN,1,0.3091051242583024
252,rural,PROPN,1,0.3108196129840075
253,lyft,PROPN,4,0.297666264264485
254,semi,PROPN,1,0.2371172842801062
255,earth,PROPN,1,0.23927730240497788
256,standard,PROPN,1,0.2610021404073107
257,rentable,PROPN,1,0.27621018079058757
258,vacuum,PROPN,2,0.2387707380387925
259,vip,PROPN,1,0.26417608817124905
260,atlanta,PROPN,1,0.2505679358455233
261,cars,PROPN,5,0.7318519124667574
262,monorails,PROPN,1,0.4098927080968142
263,low,PROPN,2,0.2650721417077699
264,uhaul,PROPN,1,0.2505029335759492
265,southern,PROPN,1,0.31451624892839153
266,wmata,PROPN,1,0.3123440937728388
267,fort,PROPN,1,0.3845523992621035
268,air,PROPN,2,0.37490763434117136
269,bicycle,PROPN,4,0.5787395633583634
270,trim,PROPN,1,0.2983964756882426
271,bus,PROPN,2,0.6766151841223162
272,airways,PROPN,2,0.22675078550338057
273,light,PROPN,4,0.3080989741726456
274,underground,PROPN,1,0.2950873178651219
275,pedicabs,PROPN,1,0.6052674204518076
276,access,PROPN,1,0.28223829808198353
277,wyandotte,PROPN,1,0.34145433547704995
278,express,PROPN,1,0.20919889878217746
279,high,PROPN,1,0.23142954097291113
280,hoverboard,PROPN,2,0.35473582061338804
281,funding,PROPN,1,0.308516206341795
282,technologies,PROPN,4,0.2763424718499714
283,buses,PROPN,1,0.701428235356272
284,tokyo,PROPN,1,0.23758484103465
285,gas,PROPN,1,0.4364707174093711
286,transport,PROPN,10,0.5411269005015813
287,subway,PROPN,2,0.41324207560118587
288,zero,PROPN,1,0.2127512296353286
289,footpath,PROPN,2,0.2705980442589663
290,technology,PROPN,2,0.3411589819120411
291,battery,PROPN,1,0.4702851806325349
292,minneapolis,PROPN,1,0.20817950516623596
293,portland,PROPN,1,0.30454371555229826
294,railway,PROPN,4,0.48884237606017183
295,service,PROPN,1,0.40284536302361035
296,travel,PROPN,3,0.21478098140658836
297,ohio,PROPN,2,0.22403022641099016
298,hvac,PROPN,1,0.27334964354789365
299,center,PROPN,1,0.29002921120234904
300,rfid,PROPN,1,0.30491204758167245
301,magnets,PROPN,1,0.25289420200802787
302,public,PROPN,4,0.289069729645302
303,trolly,PROPN,1,0.33975676297224056
304,occupancy,PROPN,1,0.32329999637648804
305,gyroscopic,PROPN,1,0.2091350184174285
306,bluetooth,PROPN,1,0.2202812304335315
307,gps,PROPN,5,0.34707608582693245
308,highspeed,PROPN,1,0.3337361605494743
309,line,PROPN,1,0.4882143236957641
310,fuel,PROPN,2,0.5068225676430179
311,states,PROPN,1,0.21475567910168908
312,huntsville,PROPN,1,0.25714297977221046
313,bike,PROPN,3,0.5643797310512227
314,dubai,PROPN,1,0.31170821249911024
315,monorail,PROPN,2,0.5455079655979659
316,or,PROPN,1,0.2160966992895284
317,metro,PROPN,2,0.6068659394840424
318,autos,PROPN,1,0.4682877919058789
319,rides,PROPN,1,0.28973261520990884
320,florida,PROPN,1,0.24075667456680414
321,trenton,PROPN,1,0.2526110992224704
322,charger,PROPN,1,0.45837661243934597
323,for,PROPN,1,0.2795520436358463
324,group,PROPN,1,0.2839601239356594
325,jitneys,PROPN,1,0.3852839426475662
326,school,PROPN,3,0.24899877823465372
327,automated,PROPN,3,0.3304813324859129
328,safety,PROPN,1,0.4080736642919671
329,energy,PROPN,1,0.3399309320782161
330,san,PROPN,2,0.2991094482276492
331,station,PROPN,2,0.647254845866885
332,chennai,PROPN,1,0.3220308406390905
333,to,PROPN,2,0.35166167444312935
334,ride,PROPN,3,0.39431880134605307
335,taxi,PROPN,2,0.45905303289608573
336,mpg,PROPN,1,0.22685695207219642
337,taxis,PROPN,1,0.534613040232438
338,mover,PROPN,1,0.3254408119840243
339,vendor,PROPN,1,0.2608094356276283
340,main,PROPN,1,0.30781090671579253
341,segway,PROPN,6,0.48670499354154473
342,aboveground,PROPN,1,0.3165529259027968
343,delivery,PROPN,1,0.3097108407090864
344,cost,PROPN,2,0.34710560957882475
345,cycle,PROPN,1,0.24814725241443997
346,car,PROPN,4,0.7936039540067995
347,safer,PROPN,1,0.27535783251635143
348,manhole,PROPN,1,0.3708813120400356
349,zipcar,PROPN,1,0.3763155006116712
350,tunnels,PROPN,2,0.4719418382389897
351,disneyland,PROPN,2,0.22821418607667812
352,rails,PROPN,1,0.4150646612979319
353,autorickshaw,PROPN,1,0.3246053262541887
354,riders,PROPN,1,0.2641996197467325
355,busses,PROPN,6,0.4903476145539798
356,california,PROPN,2,0.21028772619304986
357,helicopter,PROPN,2,0.5881668893791363
358,road,PROPN,7,0.49679306270644463
359,locality,PROPN,1,0.3458497685083576
360,mohalla,PROPN,1,0.22219768431904235
361,segways,PROPN,2,0.529327589640737
362,pollution,PROPN,5,0.33235336782711866
363,apartment,NOUN,3,0.3199386407932654
364,dial,NOUN,1,0.20492462794793131
365,shoe,NOUN,4,0.22826388861155744
366,spacecraft,NOUN,1,0.5374185163922808
367,transportation,NOUN,239,0.6368028998296579
368,gap,NOUN,1,0.2238750977727318
369,bicyclist,NOUN,2,0.3449344421001974
370,land,NOUN,1,0.4523086880540627
371,force,NOUN,4,0.31526625090619953
372,requirement,NOUN,1,0.24602887034536036
373,rooftop,NOUN,1,0.33237760101195635
374,airport,NOUN,36,0.5778986590350883
375,traffic,NOUN,135,0.6078141269103737
376,factory,NOUN,2,0.3958357937279454
377,neighorhood,NOUN,1,0.2275239788822457
378,drone,NOUN,26,0.3649623632627703
379,greenway,NOUN,1,0.3330469778074227
380,tourist,NOUN,2,0.36726586847096204
381,tesla,NOUN,1,0.2583452108055174
382,skateboard,NOUN,3,0.28519394060447445
383,store,NOUN,27,0.3321521052581335
384,north,NOUN,5,0.36336133981466345
385,rate,NOUN,17,0.28532998456599507
386,level,NOUN,9,0.25125372397347323
387,footprint,NOUN,4,0.33127417213936017
388,pile,NOUN,1,0.28033466470053425
389,one,NOUN,33,0.20214400650735578
390,passenger,NOUN,46,0.5526867636574279
391,hospital,NOUN,5,0.3214738716612499
392,foot,NOUN,13,0.3354004838706866
393,congestion,NOUN,20,0.4151711553097217
394,transporter,NOUN,2,0.41485831999256345
395,antigravity,NOUN,1,0.20250610103788663
396,convention,NOUN,1,0.22372444456493185
397,road,NOUN,103,0.49679306270644463
398,homeowner,NOUN,1,0.2330660545789099
399,waterway,NOUN,1,0.4541454847975824
400,cable,NOUN,13,0.3998312436655409
401,move,NOUN,2,0.21031975954449894
402,market,NOUN,3,0.4762791321445799
403,recreation,NOUN,1,0.3400213557655174
404,solution,NOUN,3,0.2503677011025203
405,hovercraft,NOUN,4,0.4760430244366577
406,cell,NOUN,5,0.31580297796090406
407,amenities,NOUN,1,0.3289947817302221
408,lift,NOUN,10,0.384125631629143
409,gate,NOUN,1,0.4025980330023114
410,autorickshaw,NOUN,1,0.3246053262541887
411,buggy,NOUN,2,0.35129052731864957
412,asphalt,NOUN,1,0.3858216325974935
413,neighbourhood,NOUN,5,0.4830415743162778
414,investment,NOUN,1,0.29312240082084456
415,asset,NOUN,1,0.33598186168349015
416,localgovernment,NOUN,1,0.2706829941482275
417,hydrogen,NOUN,1,0.34874006077892233
418,plane,NOUN,8,0.4923748659097765
419,dock,NOUN,1,0.41188191797414575
420,rack,NOUN,7,0.2662922138062046
421,strip,NOUN,3,0.34106996835049624
422,chute,NOUN,2,0.28400249362558394
423,municipality,NOUN,1,0.43950672762166143
424,grate,NOUN,1,0.2665829126648533
425,square,NOUN,1,0.3729681287770701
426,slotcar,NOUN,1,0.2843222119114346
427,hovercars,NOUN,2,0.36182953743630647
428,continent,NOUN,1,0.2143056157251769
429,range,NOUN,3,0.3359696464187426
430,end,NOUN,10,0.20104069964512256
431,teleporters,NOUN,2,0.22912177861267086
432,department,NOUN,1,0.3018410131320476
433,brake,NOUN,2,0.4150615361078748
434,sport,NOUN,1,0.21265631608162766
435,ticket,NOUN,3,0.3247247765310505
436,pilot,NOUN,2,0.21393819864396943
437,skooter,NOUN,1,0.2925867912491432
438,edge,NOUN,7,0.20465042972454017
439,playground,NOUN,1,0.2404679017367164
440,beach,NOUN,2,0.2951122855804854
441,repeater,NOUN,1,0.35841320686015515
442,function,NOUN,1,0.279629333258639
443,type,NOUN,57,0.2846952716357377
444,cannon,NOUN,1,0.30786413429484105
445,interstate,NOUN,2,0.5592640282686232
446,proximity,NOUN,2,0.2659196982499922
447,south,NOUN,1,0.2867187457078897
448,sand,NOUN,1,0.21184587843956587
449,subsidy,NOUN,1,0.2733543229662744
450,engine,NOUN,7,0.5926054031042564
451,body,NOUN,8,0.35544081534669053
452,heater,NOUN,1,0.3453074640235592
453,seatbelt,NOUN,3,0.3376713941277316
454,seat,NOUN,23,0.36351110979604934
455,runway,NOUN,2,0.44266167090196473
456,belt,NOUN,16,0.3412794622488603
457,ventilation,NOUN,1,0.27039712634528035
458,sidewalk,NOUN,60,0.382025894822291
459,fast,NOUN,1,0.22915665822283482
460,west,NOUN,2,0.3235820705636687
461,carousel,NOUN,1,0.3317350168568545
462,diner,NOUN,1,0.2531015531698108
463,territory,NOUN,2,0.45359765296349364
464,snowmobile,NOUN,3,0.5065846456214211
465,organization,NOUN,1,0.30095478933765607
466,spray,NOUN,1,0.27787377859250756
467,steering,NOUN,2,0.31270082869421706
468,balsa,NOUN,1,0.23932577123480384
469,peninsula,NOUN,1,0.3031113815997075
470,expressway,NOUN,1,0.4935990960636315
471,footpath,NOUN,3,0.2705980442589663
472,stock,NOUN,1,0.3553937851674446
473,service,NOUN,110,0.40284536302361035
474,marketplace,NOUN,1,0.36574461178444734
475,simulator,NOUN,1,0.24769746975364274
476,greenhouse,NOUN,1,0.2227969987862351
477,aboveground,NOUN,1,0.3165529259027968
478,city,NOUN,261,1.070729463163538
479,garage,NOUN,2,0.5058972324438711
480,scale,NOUN,8,0.24145314364662043
481,employer,NOUN,2,0.2635773950105168
482,chain,NOUN,2,0.34716540760067244
483,bay,NOUN,1,0.275853486884987
484,lightrail,NOUN,2,0.4727338380808058
485,wing,NOUN,2,0.29356087405836073
486,section,NOUN,5,0.46288990402148655
487,user,NOUN,18,0.2961101769771467
488,compartment,NOUN,5,0.5002665564308061
489,teleporter,NOUN,3,0.25229394258119325
490,part,NOUN,27,0.2368921646335431
491,sidecar,NOUN,1,0.3063250415920932
492,skyrail,NOUN,1,0.33384958957561783
493,carpooling,NOUN,3,0.34306559891352983
494,solar,NOUN,4,0.37626251394305016
495,pharmacy,NOUN,1,0.22074609436542858
496,ownership,NOUN,3,0.24329122445347345
497,roof,NOUN,8,0.4131992744220595
498,jitney,NOUN,5,0.2644316785039681
499,overhead,NOUN,1,0.42045190829977613
500,smartphone,NOUN,8,0.2958770989742922
501,food,NOUN,6,0.22980233990213011
502,tire,NOUN,3,0.474221291638285
503,component,NOUN,3,0.3658471374927558
504,molecule,NOUN,3,0.30241585985543185
505,car,NOUN,325,0.7936039540067995
506,us,NOUN,2,0.35333062129370835
507,rail,NOUN,100,0.6199225561983343
508,appliance,NOUN,1,0.45360971512514386
509,exit,NOUN,4,0.35931084853989587
510,biofuels,NOUN,3,0.2228270795316743
511,military,NOUN,1,0.285195696026191
512,walkway,NOUN,19,0.48213393264074256
513,irrigation,NOUN,1,0.2872098749941622
514,data,NOUN,5,0.24027958676692077
515,ozone,NOUN,1,0.24136443652327394
516,grid,NOUN,6,0.3977409572264502
517,commuting,NOUN,1,0.33354542359579203
518,locality,NOUN,1,0.3458497685083576
519,structure,NOUN,2,0.3711483936398581
520,company,NOUN,16,0.48121003105983734
521,seater,NOUN,2,0.410301443598389
522,hub,NOUN,16,0.5277622198962043
523,highway,NOUN,22,0.5694222304954886
524,turbine,NOUN,3,0.4781778275883021
525,interior,NOUN,1,0.3722101663087928
526,tier,NOUN,1,0.23640325465273423
527,coaster,NOUN,4,0.33668204826494774
528,person,NOUN,54,0.2024747042641669
529,community,NOUN,30,0.2991432028411143
530,airplane,NOUN,1,0.5011188081464717
531,loading,NOUN,1,0.28758736868814194
532,port,NOUN,3,0.5058291112869897
533,arena,NOUN,2,0.3307692815969099
534,charge,NOUN,9,0.25744422580466875
535,accommodation,NOUN,1,0.3199979532796093
536,vehicle,NOUN,124,1.0707294631635378
537,to,NOUN,1,0.35166167444312935
538,horse,NOUN,17,0.31044522401698793
539,class,NOUN,2,0.22942027408296828
540,zipline,NOUN,3,0.2746381831717616
541,drug,NOUN,1,0.26285881304130126
542,microchip,NOUN,1,0.2762975005599864
543,aviation,NOUN,1,0.3565358217229938
544,tower,NOUN,1,0.4249164938401674
545,parkway,NOUN,3,0.39397238620341535
546,stream,NOUN,1,0.24903755122631185
547,town,NOUN,99,0.6409688353802443
548,touchpad,NOUN,1,0.22319378996286537
549,corner,NOUN,6,0.22303494424713552
550,manhole,NOUN,1,0.3708813120400356
551,core,NOUN,2,0.32067369124949696
552,semi,NOUN,1,0.2371172842801062
553,ziplines,NOUN,1,0.2573221182014087
554,east,NOUN,1,0.3063002791378917
555,cab,NOUN,20,0.5805682084220988
556,blinker,NOUN,1,0.23183345587587414
557,backpack,NOUN,1,0.33982515989375317
558,estate,NOUN,1,0.3391013828039464
559,hydrofoil,NOUN,1,0.41342569012843583
560,school,NOUN,35,0.24899877823465372
561,motorcycle,NOUN,15,0.5272350988903305
562,hummer,NOUN,1,0.39266134901337224
563,peoplemover,NOUN,2,0.45368707281453624
564,downstream,NOUN,1,0.318897492760533
565,river,NOUN,5,0.34847201809107164
566,lane,NOUN,55,0.23880347499191468
567,bike,NOUN,128,0.5643797310512227
568,dining,NOUN,1,0.2180746912448862
569,path,NOUN,32,0.33615209279922964
570,housing,NOUN,1,0.4359267552325733
571,handsfree,NOUN,1,0.21479526517759545
572,tourism,NOUN,2,0.33115000767815805
573,equipment,NOUN,4,0.5086808565596014
574,speed,NOUN,56,0.4019156893150948
575,improvement,NOUN,1,0.22751372752735158
576,project,NOUN,2,0.3187293311268308
577,airlift,NOUN,1,0.21214498184603053
578,drop,NOUN,4,0.21741093698510464
579,front,NOUN,3,0.3549227564482861
580,protection,NOUN,5,0.25661611702831055
581,destination,NOUN,114,0.3528670225049688
582,development,NOUN,3,0.2576304257132511
583,ring,NOUN,1,0.30450226350912446
584,day,NOUN,56,0.22633766723473636
585,model,NOUN,1,0.2721316174616888
586,crosswalk,NOUN,1,0.30117044882199734
587,boat,NOUN,6,0.5388283780769011
588,ethanol,NOUN,1,0.31707711945020106
589,capital,NOUN,1,0.4616153654999297
590,walkability,NOUN,1,0.3820154431193663
591,fee,NOUN,36,0.255389263675893
592,area,NOUN,140,0.6434717075405723
593,pathway,NOUN,2,0.3187573580640787
594,unit,NOUN,2,0.548336372939873
595,implementation,NOUN,1,0.26636213113391227
596,neighboring,NOUN,3,0.22479411139655336
597,suction,NOUN,1,0.209318041203735
598,mall,NOUN,9,0.5171481581064199
599,exhaust,NOUN,2,0.3897148346774377
600,lawn,NOUN,3,0.2636981450036447
601,habitat,NOUN,1,0.259933376202256
602,luggage,NOUN,2,0.3724798895595211
603,capacity,NOUN,4,0.4145130688384716
604,motor,NOUN,8,0.5999998564166057
605,heating,NOUN,1,0.2884845811304245
606,sensor,NOUN,2,0.41445914052600163
607,diesel,NOUN,2,0.5151895162228288
608,ground,NOUN,32,0.49790228350165455
609,pollution,NOUN,34,0.33235336782711866
610,cockpit,NOUN,1,0.4331659390276663
611,robot,NOUN,5,0.3100854321144513
612,insurance,NOUN,2,0.2932786167350304
613,ticketing,NOUN,1,0.306669526547087
614,coal,NOUN,1,0.35837448060406274
615,sled,NOUN,1,0.3499472951456244
616,site,NOUN,5,0.4259245004279335
617,debris,NOUN,1,0.4379572192230095
618,pool,NOUN,9,0.2892591160031195
619,waste,NOUN,3,0.31614247789046934
620,travel,NOUN,31,0.21478098140658836
621,cost,NOUN,33,0.34710560957882475
622,supermarket,NOUN,2,0.31552049204184485
623,distribution,NOUN,1,0.2003480621092616
624,jet,NOUN,5,0.3548039582703538
625,takeoff,NOUN,2,0.32995368037643824
626,cylinder,NOUN,1,0.38551738292302395
627,footwear,NOUN,1,0.23350806636924604
628,copter,NOUN,1,0.41258992420232987
629,freeway,NOUN,2,0.5519579336547396
630,surfboard,NOUN,1,0.29745214226058675
631,emission,NOUN,10,0.3091710248733427
632,boundary,NOUN,1,0.26552984906615296
633,line,NOUN,33,0.4882143236957641
634,window,NOUN,5,0.2863591160891447
635,dropoff,NOUN,2,0.23411539227237438
636,profit,NOUN,1,0.2210334309879199
637,hardware,NOUN,1,0.3538637954714164
638,moped,NOUN,8,0.44995943895278023
639,supplier,NOUN,1,0.26165092464300593
640,maglev,NOUN,1,0.4407869913907155
641,collision,NOUN,3,0.2475095394395655
642,filter,NOUN,3,0.22462545684787014
643,helicopter,NOUN,16,0.5881668893791363
644,ocean,NOUN,3,0.31281503099159813
645,harness,NOUN,2,0.20632184298615816
646,parking,NOUN,25,0.5638693626739789
647,club,NOUN,3,0.20452239227415858
648,office,NOUN,10,0.3523198828293458
649,way,NOUN,115,0.21874229119052713
650,stall,NOUN,3,0.2338995633820532
651,aircar,NOUN,1,0.2830445478879686
652,game,NOUN,5,0.21576994690527837
653,walking,NOUN,8,0.20175222136801796
654,rental,NOUN,22,0.27725418228703
655,temperature,NOUN,1,0.25177030567287206
656,loop,NOUN,9,0.46481340033621044
657,base,NOUN,5,0.4856571945107938
658,functionality,NOUN,1,0.27373547330461534
659,bridge,NOUN,6,0.4777696166258894
660,storm,NOUN,2,0.3261856076728624
661,station,NOUN,74,0.647254845866885
662,package,NOUN,2,0.4225148487995714
663,tunnel,NOUN,20,0.5082091446735453
664,elevator,NOUN,9,0.4272847452575319
665,rent,NOUN,11,0.20773799710315577
666,mud,NOUN,1,0.22551683652373689
667,transit,NOUN,22,0.6517915684485085
668,setup,NOUN,1,0.26636590101797236
669,atmosphere,NOUN,3,0.22332282212400095
670,divider,NOUN,1,0.3040113597361863
671,lake,NOUN,1,0.25650138876333006
672,mechanism,NOUN,1,0.3217135088913117
673,platform,NOUN,10,0.5010828081664356
674,craft,NOUN,1,0.4301705171773287
675,wire,NOUN,8,0.308875693000559
676,thoroughfare,NOUN,2,0.43420060663690385
677,phoenix,NOUN,1,0.30757585731999026
678,furniture,NOUN,1,0.22125455862154084
679,tracker,NOUN,2,0.2652627110976742
680,shuttle,NOUN,15,0.50068742035363
681,civilian,NOUN,1,0.37514728238369477
682,disaster,NOUN,2,0.22405921118743435
683,run,NOUN,2,0.21713164263808524
684,radius,NOUN,4,0.3881637008956428
685,compact,NOUN,1,0.3073602471777611
686,capsule,NOUN,3,0.28401231212796496
687,software,NOUN,5,0.27964427170328027
688,purpose,NOUN,3,0.3721953833451227
689,funicular,NOUN,1,0.358829353923261
690,mass,NOUN,5,0.2596741917210327
691,surface,NOUN,3,0.37015869612925933
692,pedestrian,NOUN,18,0.5117205097379905
693,side,NOUN,32,0.27231957085715713
694,gps,NOUN,1,0.34707608582693245
695,variable,NOUN,1,0.2376888862487991
696,net,NOUN,2,0.20451815952476393
697,layout,NOUN,2,0.25024625330019645
698,manufacturer,NOUN,1,0.3034147879852192
699,wreck,NOUN,1,0.29899150575771294
700,tube,NOUN,33,0.4047936838983745
701,process,NOUN,4,0.2754534942649783
702,auto,NOUN,4,0.48047875025345327
703,umbrella,NOUN,1,0.21756658207113144
704,motion,NOUN,1,0.2057377417742985
705,ride,NOUN,61,0.39431880134605307
706,hybrid,NOUN,5,0.28845937237715474
707,house,NOUN,26,0.31628500653193736
708,ridesharing,NOUN,4,0.34354931827355983
709,circulator,NOUN,1,0.39774813947886334
710,aircraft,NOUN,3,0.6258330616227147
711,terrain,NOUN,2,0.5003228853809614
712,state,NOUN,8,0.43199733194018797
713,minicoach,NOUN,1,0.3270449747162747
714,county,NOUN,4,0.4622786561711484
715,seating,NOUN,3,0.36807797698908834
716,conveyor,NOUN,8,0.3574610386911064
717,rickshaw,NOUN,5,0.39118647514895943
718,complex,NOUN,1,0.370936857443417
719,camel,NOUN,1,0.22056451583948075
720,interchange,NOUN,1,0.37574186306401347
721,farm,NOUN,1,0.28381901416335964
722,ship,NOUN,5,0.5484711156640679
723,proposal,NOUN,1,0.24556526924187588
724,surroundings,NOUN,1,0.2430357577957985
725,funding,NOUN,1,0.308516206341795
726,quadcopters,NOUN,1,0.3619510231926696
727,arch,NOUN,1,0.24099093902157526
728,threshold,NOUN,2,0.2462255036737952
729,baggage,NOUN,1,0.29715584716088106
730,item,NOUN,11,0.2650813838734296
731,trailer,NOUN,3,0.47516672591608916
732,circulators,NOUN,1,0.31982370676567295
733,ft,NOUN,1,0.273128631191739
734,card,NOUN,26,0.20383543031588203
735,trolley,NOUN,35,0.5266620220124032
736,cycle,NOUN,6,0.24814725241443997
737,center,NOUN,21,0.29002921120234904
738,connectivity,NOUN,1,0.30030668211657335
739,tool,NOUN,2,0.23217669249698983
740,room,NOUN,8,0.247852906712126
741,plexiglas,NOUN,1,0.3043906026522096
742,resort,NOUN,3,0.3316182655190199
743,group,NOUN,10,0.2839601239356594
744,back,NOUN,10,0.20551291173302078
745,access,NOUN,17,0.28223829808198353
746,reduction,NOUN,1,0.27172416150102296
747,telephone,NOUN,3,0.29496587393113183
748,electricity,NOUN,13,0.4300093424818693
749,sedan,NOUN,1,0.4341124199892347
750,intersection,NOUN,8,0.3313117755956324
751,population,NOUN,9,0.23778501362436516
752,planet,NOUN,1,0.22787183383995713
753,energy,NOUN,50,0.3399309320782161
754,mower,NOUN,2,0.2967425482930404
755,airship,NOUN,4,0.42355354712153276
756,antenna,NOUN,1,0.4349073401038998
757,flash,NOUN,1,0.2059567399565635
758,minivan,NOUN,2,0.594243676167747
759,kiosk,NOUN,7,0.34639751024410853
760,quadrant,NOUN,2,0.3152954433001086
761,pack,NOUN,4,0.25140374654058295
762,vendor,NOUN,1,0.2608094356276283
763,use,NOUN,28,0.2220070161444037
764,weight,NOUN,4,0.24194718908557322
765,sight,NOUN,2,0.2273065382388057
766,density,NOUN,2,0.2351337937334666
767,logo,NOUN,1,0.26936559951003025
768,mileage,NOUN,2,0.3311457304034323
769,mobile,NOUN,1,0.4138507882455654
770,growth,NOUN,2,0.2846598551361603
771,leg,NOUN,1,0.2481264924433001
772,turnstile,NOUN,1,0.209060920849794
773,recharging,NOUN,1,0.3637743231231297
774,streetcar,NOUN,6,0.4784792890442532
775,escalator,NOUN,7,0.28828893532998245
776,magnet,NOUN,9,0.2980164847494466
777,infrastructure,NOUN,12,0.5213170509889777
778,mail,NOUN,2,0.20203591422385636
779,weather,NOUN,18,0.3074787679116483
780,plan,NOUN,2,0.3922580899435756
781,array,NOUN,1,0.2639068218783457
782,snow,NOUN,7,0.2084348579402045
783,condition,NOUN,4,0.20054903209411415
784,hole,NOUN,1,0.22897373333469756
785,revenue,NOUN,3,0.33126737158351416
786,milage,NOUN,1,0.31490252811542463
787,cruise,NOUN,2,0.21841330269990217
788,driveway,NOUN,1,0.420778388643392
789,wiper,NOUN,1,0.35995991863750393
790,rectangle,NOUN,1,0.29348821036758455
791,bikeways,NOUN,1,0.4139458718108078
792,damage,NOUN,3,0.2500074689268881
793,gasoline,NOUN,7,0.5025983414797774
794,zone,NOUN,3,0.4842515735610602
795,carbon,NOUN,5,0.3420954605902251
796,phone,NOUN,35,0.23130083883521704
797,bicycle,NOUN,80,0.5787395633583634
798,mover,NOUN,7,0.3254408119840243
799,environment,NOUN,20,0.2559173213881822
800,flow,NOUN,6,0.26858440794483945
801,home,NOUN,22,0.32577775058001557
802,overhaul,NOUN,2,0.26955626120069925
803,application,NOUN,4,0.33790182040924543
804,node,NOUN,2,0.3148637769118624
805,decker,NOUN,2,0.22089817076359064
806,earth,NOUN,4,0.23927730240497788
807,eco,NOUN,1,0.2554415946493832
808,busstops,NOUN,1,0.3527219414060019
809,trollies,NOUN,1,0.446778060871018
810,bikers,NOUN,3,0.20442433683852002
811,fleet,NOUN,14,0.4689438447917838
812,plank,NOUN,1,0.30607964951361766
813,occupant,NOUN,3,0.3381286326502389
814,recharger,NOUN,1,0.3053321587851101
815,zipcar,NOUN,1,0.3763155006116712
816,driver,NOUN,56,0.3751249538109644
817,windshield,NOUN,1,0.4324791264607583
818,centre,NOUN,1,0.2653849155990191
819,order,NOUN,13,0.2102422677673171
820,field,NOUN,2,0.3018891822265517
821,freight,NOUN,2,0.507484568841563
822,canoe,NOUN,2,0.2953418427077237
823,public,NOUN,2,0.289069729645302
824,tax,NOUN,15,0.3259226543283085
825,maintenance,NOUN,5,0.42802267897280766
826,fare,NOUN,9,0.2703094645932792
827,ton,NOUN,6,0.33294263641424493
828,fuel,NOUN,21,0.5068225676430179
829,security,NOUN,5,0.28124552742663644
830,lyft,NOUN,4,0.297666264264485
831,shopping,NOUN,20,0.43243041247304626
832,gravity,NOUN,2,0.22310708748704133
833,grocery,NOUN,17,0.20358460160730363
834,income,NOUN,2,0.20793597556584809
835,pedal,NOUN,4,0.24360526496977006
836,blimp,NOUN,1,0.3474424785789743
837,landing,NOUN,4,0.351829873191059
838,scooter,NOUN,46,0.44059169769193557
839,entrance,NOUN,4,0.3856839388433344
840,wheelie,NOUN,1,0.2076268492065137
841,usage,NOUN,3,0.23963176271535955
842,code,NOUN,2,0.2749830538171768
843,mph,NOUN,3,0.3251747352026031
844,wheel,NOUN,11,0.44142511850441607
845,occupancy,NOUN,2,0.32329999637648804
846,pm,NOUN,1,0.2204432192088391
847,element,NOUN,4,0.2198437542848403
848,frame,NOUN,6,0.28641414350401645
849,bag,NOUN,1,0.2277735950951028
850,balloon,NOUN,2,0.3423417073934108
851,ski,NOUN,6,0.2859630513846696
852,venue,NOUN,1,0.35485170492021945
853,landmark,NOUN,3,0.27594953580433296
854,climate,NOUN,4,0.2106579421196479
855,region,NOUN,3,0.44579856516163574
856,plant,NOUN,2,0.5055846749636892
857,flooding,NOUN,1,0.3411102814869149
858,downtown,NOUN,37,0.7016198646322833
859,scanner,NOUN,1,0.32951395371237163
860,safety,NOUN,15,0.4080736642919671
861,spot,NOUN,13,0.2155114821737459
862,rest,NOUN,3,0.23744410021487927
863,subway,NOUN,48,0.41324207560118587
864,commuter,NOUN,16,0.5144269642160288
865,taxi,NOUN,65,0.45905303289608573
866,board,NOUN,13,0.22763864413795887
867,portal,NOUN,4,0.27473065471921354
868,stop,NOUN,76,0.24853304081716293
869,tram,NOUN,26,0.6427116500793919
870,highspeed,NOUN,3,0.3337361605494743
871,pole,NOUN,3,0.2069838029594804
872,country,NOUN,11,0.4024565023668788
873,roller,NOUN,6,0.3470876981371782
874,launch,NOUN,1,0.3249303295893663
875,wagon,NOUN,2,0.5026492156251372
876,industry,NOUN,6,0.2862505453599757
877,cart,NOUN,21,0.38822224248935405
878,schedule,NOUN,16,0.23841281585279214
879,cycling,NOUN,1,0.22655157949559207
880,driving,NOUN,9,0.387202948177119
881,velodrome,NOUN,1,0.39069450136100914
882,valley,NOUN,1,0.29114303554627313
883,zip,NOUN,2,0.3221028653760369
884,mountain,NOUN,2,0.27531585099670525
885,campus,NOUN,6,0.42497332888053946
886,enroute,NOUN,1,0.24562915233138652
887,meter,NOUN,1,0.26632039510440136
888,portion,NOUN,2,0.46386762275494486
889,steel,NOUN,1,0.2983781091448389
890,course,NOUN,3,0.23425666036464965
891,inside,NOUN,1,0.23365550898448975
892,air,NOUN,33,0.37490763434117136
893,momentum,NOUN,1,0.22303459286942848
894,economy,NOUN,4,0.3418819657706824
895,hover,NOUN,4,0.2869290376031671
896,mobility,NOUN,1,0.34641628626179155
897,tunneling,NOUN,1,0.2305358533210836
898,coast,NOUN,2,0.2505354050657387
899,light,NOUN,17,0.3080989741726456
900,sphere,NOUN,1,0.2509676680818248
901,metro,NOUN,10,0.6068659394840424
902,assistance,NOUN,1,0.2097841979644507
903,reservation,NOUN,1,0.3668947936103949
904,container,NOUN,2,0.5215256078197066
905,controller,NOUN,1,0.3395356649851963
906,boost,NOUN,1,0.2085360332079936
907,ball,NOUN,3,0.22936636342258926
908,village,NOUN,2,0.43048952126686924
909,supply,NOUN,2,0.34599176208379506
910,license,NOUN,6,0.3411795606197467
911,island,NOUN,1,0.2813812026525784
912,touchscreen,NOUN,1,0.21588501266007643
913,control,NOUN,7,0.3432627520440711
914,cabin,NOUN,2,0.412277677735885
915,concept,NOUN,4,0.2119345338565738
916,automobile,NOUN,5,0.6609185129367837
917,bandwidth,NOUN,1,0.24422152028855965
918,street,NOUN,73,0.35918163634390915
919,arrow,NOUN,1,0.3110184202474464
920,railcar,NOUN,1,0.5712464873497273
921,church,NOUN,3,0.2707199945185594
922,cluster,NOUN,1,0.3376674303291636
923,program,NOUN,13,0.30691324087004795
924,oil,NOUN,6,0.3049942570323256
925,pipe,NOUN,1,0.29659123812285015
926,amount,NOUN,27,0.2626870307650983
927,canal,NOUN,4,0.4251606914331568
928,rideshare,NOUN,1,0.3654262705889676
929,restaurant,NOUN,7,0.31928522820381555
930,wall,NOUN,1,0.250282618794206
931,brand,NOUN,1,0.20086914048765167
932,remote,NOUN,1,0.23893919628883353
933,carpools,NOUN,2,0.39924231526327525
934,expansion,NOUN,3,0.3393327062760184
935,camper,NOUN,1,0.20054463930371513
936,outskirt,NOUN,2,0.41080654029071983
937,skilift,NOUN,1,0.21688116769520416
938,wifi,NOUN,4,0.3603456403822454
939,gear,NOUN,3,0.3705766117588179
940,stretch,NOUN,3,0.34425252215087265
941,rocket,NOUN,3,0.4853094180592437
942,corridor,NOUN,2,0.6549373117650918
943,transfer,NOUN,2,0.2759270427267895
944,construction,NOUN,2,0.40825616177732377
945,parcel,NOUN,2,0.42902151135940986
946,scheme,NOUN,1,0.3724897265728981
947,shop,NOUN,6,0.2319013483018717
948,alleyway,NOUN,1,0.3074894156732847
949,ferry,NOUN,4,0.4350564852557279
950,object,NOUN,2,0.297386709301479
951,act,NOUN,1,0.23989576156991096
952,eagle,NOUN,1,0.2695820530584093
953,operation,NOUN,1,0.43157169808286555
954,yard,NOUN,1,0.24358411709061467
955,intercity,NOUN,1,0.4094257516586869
956,parachute,NOUN,1,0.26929376562132873
957,interface,NOUN,4,0.2553780744709267
958,thrust,NOUN,1,0.27367714029708873
959,place,NOUN,84,0.27585773278713455
960,location,NOUN,68,0.46944036497960206
961,accident,NOUN,19,0.21890369728409043
962,distance,NOUN,27,0.3040159529861845
963,customer,NOUN,9,0.3091051242583024
964,reforestation,NOUN,1,0.21840903235090625
965,packet,NOUN,1,0.26392273490889306
966,pod,NOUN,25,0.3474896556040523
967,water,NOUN,15,0.4300256644039264
968,people,NOUN,414,0.20123303703723866
969,luxury,NOUN,2,0.3026072518104971
970,pedicab,NOUN,4,0.3842693076895404
971,quarter,NOUN,1,0.2910487508255441
972,mode,NOUN,43,0.27793721742537164
973,chopper,NOUN,1,0.2823745849804747
974,load,NOUN,2,0.3400983122232983
975,upscale,NOUN,1,0.28500342331624184
976,product,NOUN,1,0.3265416766152529
977,penalty,NOUN,1,0.20399256645888922
978,floor,NOUN,5,0.38160195584227286
979,system,NOUN,358,0.5034336530382274
980,cityscape,NOUN,2,0.49259987409724426
981,dispatch,NOUN,1,0.2201440604032921
982,stoplight,NOUN,1,0.38885246841988685
983,inch,NOUN,2,0.21691533072209643
984,bar,NOUN,10,0.24265298365324234
985,toll,NOUN,5,0.3775333272595749
986,suburb,NOUN,17,0.52742188470957
987,helipad,NOUN,1,0.4539797703577933
988,moving,NOUN,3,0.21251754705822423
989,skyscraper,NOUN,2,0.4153732999395041
990,bus,NOUN,213,0.6766151841223162
991,axle,NOUN,1,0.5160133407193879
992,power,NOUN,32,0.3231694230339914
993,design,NOUN,7,0.24695320685727365
994,server,NOUN,1,0.2943905798165921
995,flight,NOUN,4,0.3961399321215071
996,budget,NOUN,2,0.2740294526167222
997,crossing,NOUN,4,0.33625932993695673
998,priority,NOUN,1,0.25488890491144706
999,army,NOUN,1,0.26106127071249013
1000,standard,NOUN,1,0.2610021404073107
1001,fluid,NOUN,2,0.23486821358565702
1002,purchase,NOUN,1,0.21151244456270213
1003,monorail,NOUN,28,0.5455079655979659
1004,tubular,NOUN,1,0.22043926391346821
1005,hr,NOUN,1,0.22895890624904205
1006,ramp,NOUN,4,0.5246943342580837
1007,docking,NOUN,2,0.2998231755370514
1008,ridership,NOUN,1,0.3008692137447909
1009,practice,NOUN,3,0.20828189861946053
1010,point,NOUN,34,0.2521483566159355
1011,limousine,NOUN,1,0.5219249726342551
1012,blade,NOUN,1,0.22396134329669853
1013,around,NOUN,1,0.29687398914202723
1014,lever,NOUN,1,0.24919887527040482
1015,electric,NOUN,3,0.37398036981257876
1016,sewer,NOUN,1,0.37877952399434295
1017,altitude,NOUN,5,0.30291788391091434
1018,extension,NOUN,1,0.3241531843820661
1019,trail,NOUN,3,0.39375707908896346
1020,authority,NOUN,1,0.3433291778441317
1021,storage,NOUN,1,0.40747245200120985
1022,convenience,NOUN,3,0.2338839366308339
1023,business,NOUN,20,0.31018005089585654
1024,efficiency,NOUN,5,0.2902344403894625
1025,event,NOUN,6,0.30475192499598713
1026,box,NOUN,7,0.20342908459166797
1027,shortcut,NOUN,1,0.21630291823313375
1028,segway,NOUN,12,0.48670499354154473
1029,fire,NOUN,3,0.41946573565814826
1030,escort,NOUN,1,0.2606791697016378
1031,terminal,NOUN,6,0.49846207857812386
1032,desert,NOUN,1,0.20523172798827438
1033,firefighter,NOUN,1,0.2448417423031494
1034,nuclear,NOUN,1,0.21975596349179585
1035,network,NOUN,28,0.35133605410545665
1036,consumer,NOUN,1,0.22847207174251957
1037,runoff,NOUN,1,0.2735612926601515
1038,skyway,NOUN,1,0.504205079646159
1039,bullet,NOUN,10,0.28443753909703495
1040,carpool,NOUN,15,0.2969981423611164
1041,obstacle,NOUN,1,0.22945439686513436
1042,million,NOUN,1,0.29836782462788586
1043,mile,NOUN,30,0.35256037299491494
1044,technology,NOUN,32,0.3411589819120411
1045,catapult,NOUN,1,0.28055927306470935
1046,outside,NOUN,1,0.3469708150543479
1047,block,NOUN,11,0.44249453711643916
1048,train,NOUN,127,0.5751380579691464
1049,legislation,NOUN,1,0.2556412027890763
1050,hoverboard,NOUN,9,0.35473582061338804
1051,roadway,NOUN,14,0.6562523184645421
1052,charging,NOUN,1,0.33539736282597804
1053,activity,NOUN,4,0.27819644924498754
1054,testing,NOUN,1,0.2343238616132826
1055,driverless,NOUN,7,0.44736040572719804
1056,hour,NOUN,37,0.2990293881403925
1057,wheelchair,NOUN,3,0.2813873667123276
1058,neighborhood,NOUN,163,0.5477032620316608
1059,underground,NOUN,3,0.2950873178651219
1060,laptop,NOUN,1,0.27054160141689804
1061,motorbike,NOUN,2,0.42462777591198847
1062,prison,NOUN,1,0.22368134342515655
1063,gondola,NOUN,3,0.4567827355785401
1064,map,NOUN,5,0.27316013415855
1065,carriage,NOUN,14,0.5775473573721657
1066,railway,NOUN,25,0.48884237606017183
1067,bikeshare,NOUN,2,0.4972924133542772
1068,noise,NOUN,2,0.2454480459982343
1069,combination,NOUN,7,0.2226653476227298
1070,theater,NOUN,1,0.2138513034669209
1071,lid,NOUN,1,0.2524223880151424
1072,rotating,NOUN,2,0.2021423725316347
1073,crowd,NOUN,1,0.2696419137632822
1074,borough,NOUN,1,0.5105279989339483
1075,navigation,NOUN,1,0.345262964727283
1076,mattress,NOUN,1,0.2329616521167277
1077,trainbus,NOUN,1,0.3812454905033039
1078,charter,NOUN,1,0.2752621206520267
1079,rope,NOUN,2,0.20129477360520917
1080,utility,NOUN,1,0.46411995051583704
1081,smoke,NOUN,1,0.20786326075484696
1082,police,NOUN,1,0.37233498199451887
1083,arm,NOUN,1,0.30284756703354215
1084,lock,NOUN,2,0.2677686373248777
1085,space,NOUN,23,0.40067159157181176
1086,emergency,NOUN,5,0.43293561142984793
1087,rubber,NOUN,1,0.2015377037572713
1088,property,NOUN,2,0.49577601249681574
1089,route,NOUN,62,0.560358758725696
1090,government,NOUN,13,0.2908422360153954
1091,pickup,NOUN,13,0.4403803396242511
1092,bank,NOUN,9,0.40666964556887253
1093,tarp,NOUN,1,0.2284986728287388
1094,reuse,NOUN,1,0.2804123293714107
1095,flyer,NOUN,1,0.3769017272762931
1096,stagecoach,NOUN,1,0.397355921015213
1097,skylift,NOUN,1,0.4636516428466733
1098,alley,NOUN,1,0.22224063563045782
1099,ditch,NOUN,1,0.31275309738241974
1100,transpo,NOUN,1,0.37439210690858415
1101,fatality,NOUN,1,0.21887917830775946
1102,aquarium,NOUN,1,0.26135634600494345
1103,cargo,NOUN,4,0.48907400698898906
1104,helmet,NOUN,2,0.31578952876629385
1105,depot,NOUN,1,0.581935644737139
1106,residence,NOUN,2,0.25369726241145146
1107,suv,NOUN,1,0.6450187875573354
1108,pad,NOUN,5,0.3946136687840798
1109,concrete,NOUN,2,0.38218350714102156
1110,operator,NOUN,1,0.43682075950191007
1111,unicycle,NOUN,1,0.27173860382862397
1112,truck,NOUN,14,0.7852429164810567
1113,limo,NOUN,1,0.3980081930373547
1114,vessel,NOUN,4,0.5665634141118755
1115,door,NOUN,15,0.27519016582805805
1116,artery,NOUN,2,0.3268069892582496
1117,district,NOUN,7,0.5298837879521417
1118,sale,NOUN,4,0.2646281032462602
1119,spill,NOUN,1,0.20564164823506553
1120,app,NOUN,72,0.26263579706096485
1121,delivery,NOUN,12,0.3097108407090864
1122,device,NOUN,22,0.479144518241111
1123,park,NOUN,6,0.3958480277000856
1124,signal,NOUN,3,0.41526864710075573
1125,vacuum,NOUN,3,0.2387707380387925
1126,option,NOUN,24,0.31063751452108146
1127,drive,NOUN,8,0.4602890943015365
1128,restroom,NOUN,1,0.2609953656728416
1129,increase,NOUN,1,0.2295705724788524
1130,biking,NOUN,6,0.2545616298422277
1131,fountain,NOUN,1,0.2617692131656198
1132,railroad,NOUN,4,0.5075797139706655
1133,scrap,NOUN,1,0.290275989143998
1134,transport,NOUN,81,0.5411269005015813
1135,limit,NOUN,7,0.23245225836653005
1136,designation,NOUN,1,0.4014621263188781
1137,building,NOUN,12,0.5490868235738471
1138,florida,NOUN,1,0.24075667456680414
1139,second,NOUN,4,0.2242720666634027
1140,machine,NOUN,13,0.3225981210130605
1141,railing,NOUN,3,0.20025634709870443
1142,battery,NOUN,15,0.4702851806325349
1143,circle,NOUN,1,0.2748507859449319
1144,deposit,NOUN,6,0.3054752566304524
1145,fully,ADV,2,0.34687885725127815
1146,quickly,ADV,25,0.23547774237202931
1147,either,ADV,3,0.29483311976384635
1148,electronically,ADV,1,0.2484360973561276
1149,then,ADV,10,0.3883841908824052
1150,mass,ADV,1,0.2596741917210327
1151,however,ADV,17,0.20070546871322906
1152,hover,ADV,2,0.2869290376031671
1153,now,ADV,6,0.3276846264882767
1154,specially,ADV,2,0.29361608139525186
1155,electrically,ADV,1,0.33884500417701435
1156,home,ADV,11,0.32577775058001557
1157,trolly,ADV,1,0.33975676297224056
1158,way,ADV,1,0.21874229119052713
1159,around,ADV,31,0.29687398914202723
1160,of,ADV,3,0.285912462794925
1161,eventually,ADV,1,0.21532447613762806
1162,scooter,ADV,5,0.44059169769193557
1163,privately,ADV,2,0.2382300885008492
1164,usually,ADV,2,0.20621449418556195
1165,underground,ADV,8,0.2950873178651219
1166,already,ADV,17,0.21428777447053277
1167,hilly,ADV,1,0.3120644717147614
1168,subsequently,ADV,1,0.20094437179814068
1169,fast,ADV,28,0.22915665822283482
1170,therefore,ADV,2,0.23817433234283636
1171,away,ADV,16,0.2463131572478955
1172,overhead,ADV,3,0.42045190829977613
1173,once,ADV,3,0.27331352117603264
1174,safely,ADV,7,0.2966709416572523
1175,instead,ADV,57,0.2606541096835569
1176,easily,ADV,27,0.20219448507250184
1177,locally,ADV,2,0.3613973601801619
1178,back,ADV,30,0.20551291173302078
1179,manually,ADV,4,0.25308589449546604
1180,vertically,ADV,1,0.2667133056274036
1181,course,ADV,4,0.23425666036464965
1182,also,ADV,109,0.20048419688216929
1183,outside,ADV,2,0.3469708150543479
1184,only,ADV,2,0.2068837181270771
1185,west,ADV,1,0.3235820705636687
1186,along,ADV,2,0.20495248065931224
1187,typically,ADV,2,0.22561276487244003
1188,large,ADV,2,0.27845675997859315
1189,nearby,ADV,4,0.3611638576790101
1190,autonomously,ADV,3,0.2636237085334444
1191,rapidly,ADV,3,0.25827335053485667
1192,thus,ADV,3,0.2907669038106357
1193,just,ADV,12,0.22446441742497092
1194,approximately,ADV,1,0.3737441248661012
1195,automatically,ADV,14,0.22772537850077618
1196,environmentally,ADV,6,0.3154719320556693
1197,normally,ADV,3,0.2229220247192369
1198,remotely,ADV,1,0.3316031621774718
1199,roughly,ADV,2,0.24883223028780527
1200,almost,ADV,13,0.22784890052464032
1201,uphill,ADV,1,0.21237414409207026
1202,directly,ADV,15,0.34426829797706937
1203,as,ADV,1,0.21133201182588662
1204,immediately,ADV,2,0.278987607879518
1205,load,ADV,1,0.3400983122232983
1206,when,ADV,15,0.31507077658795346
1207,completely,ADV,13,0.26221777090672094
1208,continuously,ADV,2,0.23047774648742458
1209,conveniently,ADV,1,0.23708688780598444
1210,that,ADV,1,0.2198806323225807
1211,inside,ADV,5,0.23365550898448975
1212,finally,ADV,1,0.23159311807899263
1213,nearly,ADV,3,0.26854362581950875
1214,sidewalks,ADV,1,0.42549819748061957
1215,south,ADV,1,0.2867187457078897
1216,where,ADV,5,0.32361154129356967
1217,next,ADV,2,0.23474005067944723
1218,buckboard,ADJ,1,0.3377450192509098
1219,integrated,ADJ,4,0.2472374006788049
1220,pedestrian,ADJ,1,0.5117205097379905
1221,low,ADJ,25,0.2650721417077699
1222,vertical,ADJ,2,0.2907311830462344
1223,main,ADJ,34,0.30781090671579253
1224,functional,ADJ,1,0.21407698453656154
1225,outside,ADJ,1,0.3469708150543479
1226,funicular,ADJ,1,0.358829353923261
1227,pneumatic,ADJ,4,0.31824618810249006
1228,snowmobile,ADJ,1,0.5065846456214211
1229,mesh,ADJ,1,0.24618117827036193
1230,direct,ADJ,4,0.2100297356648676
1231,residential,ADJ,6,0.49817192831737717
1232,hydroelectric,ADJ,1,0.26489327252739847
1233,conveyor,ADJ,8,0.3574610386911064
1234,large,ADJ,60,0.27845675997859315
1235,movable,ADJ,2,0.2733834856957886
1236,taxi,ADJ,1,0.45905303289608573
1237,solar,ADJ,58,0.37626251394305016
1238,public,ADJ,101,0.289069729645302
1239,portable,ADJ,4,0.21621324086249444
1240,effective,ADJ,4,0.2007960461661537
1241,military,ADJ,2,0.285195696026191
1242,ski,ADJ,4,0.2859630513846696
1243,enclosed,ADJ,4,0.3270447632904714
1244,southeast,ADJ,1,0.30428844333264105
1245,continuous,ADJ,1,0.27341963160178534
1246,wheeled,ADJ,1,0.4956494519248492
1247,rickshaw,ADJ,4,0.39118647514895943
1248,civilian,ADJ,2,0.37514728238369477
1249,driverless,ADJ,15,0.44736040572719804
1250,northwest,ADJ,2,0.2831949489979538
1251,rent,ADJ,1,0.20773799710315577
1252,affordable,ADJ,14,0.2785963613146605
1253,bidirectional,ADJ,1,0.22733518099342237
1254,total,ADJ,3,0.22547906412798052
1255,mid,ADJ,1,0.32573794847805
1256,pickup,ADJ,2,0.4403803396242511
1257,aerial,ADJ,3,0.37521421150212747
1258,remote,ADJ,4,0.23893919628883353
1259,waterproof,ADJ,1,0.21492731047273345
1260,rear,ADJ,1,0.4331404720833681
1261,sustainable,ADJ,2,0.21284084396148126
1262,dual,ADJ,1,0.22030720279691113
1263,retractable,ADJ,1,0.3491420844506637
1264,automatic,ADJ,9,0.32625468371339245
1265,primary,ADJ,2,0.20325953414761186
1266,postal,ADJ,1,0.32217619142932974
1267,lite,ADJ,1,0.20271443359677774
1268,mechanized,ADJ,1,0.27504337638116916
1269,which,ADJ,1,0.420702638525147
1270,massive,ADJ,4,0.32017969952366526
1271,streamlined,ADJ,1,0.22234029401537753
1272,hybrid,ADJ,10,0.28845937237715474
1273,adjacent,ADJ,1,0.3042559520266447
1274,third,ADJ,1,0.22050946500422458
1275,south,ADJ,1,0.2867187457078897
1276,corporate,ADJ,1,0.25936145193945664
1277,circular,ADJ,1,0.30944651372227955
1278,narrow,ADJ,4,0.26262228470315346
1279,steep,ADJ,1,0.2964717084824151
1280,metro,ADJ,1,0.6068659394840424
1281,nw,ADJ,1,0.28262326905428536
1282,single,ADJ,16,0.24267832161996183
1283,express,ADJ,2,0.20919889878217746
1284,dry,ADJ,4,0.23942570366887972
1285,hoverboard,ADJ,2,0.35473582061338804
1286,permanent,ADJ,1,0.2973285905306844
1287,diagonal,ADJ,1,0.2126273663037001
1288,proper,ADJ,5,0.20260617445498644
1289,pedal,ADJ,1,0.24360526496977006
1290,highspeed,ADJ,1,0.3337361605494743
1291,inner,ADJ,3,0.20811643942912741
1292,autonomous,ADJ,16,0.3106991525998522
1293,citywide,ADJ,1,0.40115060860726875
1294,horizontal,ADJ,1,0.2215563991159542
1295,open,ADJ,5,0.2218088317525761
1296,bike,ADJ,2,0.5643797310512227
1297,commercial,ADJ,5,0.4129003158349116
1298,navigational,ADJ,1,0.21719764086261728
1299,electrified,ADJ,1,0.24609294507039908
1300,entire,ADJ,7,0.34160614404891665
1301,second,ADJ,2,0.2242720666634027
1302,rentable,ADJ,5,0.27621018079058757
1303,centralized,ADJ,2,0.2513038254170218
1304,electrical,ADJ,5,0.3184999377335761
1305,semiautonomous,ADJ,1,0.2039403845913662
1306,next,ADJ,16,0.23474005067944723
1307,lowcost,ADJ,1,0.3739507686187812
1308,flexible,ADJ,3,0.20374928331301925
1309,moving,ADJ,2,0.21251754705822423
1310,commuter,ADJ,1,0.5144269642160288
1311,use,ADJ,1,0.2220070161444037
1312,coastal,ADJ,1,0.3544925386774259
1313,standard,ADJ,2,0.2610021404073107
1314,onboard,ADJ,2,0.22157714538939127
1315,closed,ADJ,1,0.23753564641278657
1316,vehicular,ADJ,1,0.5490560426029248
1317,moped,ADJ,3,0.44995943895278023
1318,rapid,ADJ,1,0.3354231821145083
1319,majestic,ADJ,1,0.23144491054409308
1320,rural,ADJ,16,0.3108196129840075
1321,renewable,ADJ,10,0.2410807226699827
1322,aerodynamic,ADJ,1,0.35733685559786627
1323,retail,ADJ,1,0.41270334751377624
1324,central,ADJ,16,0.3972056258085923
1325,unmanned,ADJ,1,0.43588446655456164
1326,light,ADJ,24,0.3080989741726456
1327,southwestern,ADJ,1,0.264594739090534
1328,fremont,ADJ,1,0.2908221667645147
1329,complex,ADJ,1,0.370936857443417
1330,underground,ADJ,30,0.2950873178651219
1331,new,ADJ,82,0.3687218691665467
1332,recyclable,ADJ,1,0.23922337168315458
1333,current,ADJ,15,0.2393496105433116
1334,that,ADJ,5,0.2198806323225807
1335,automated,ADJ,15,0.3304813324859129
1336,compact,ADJ,3,0.3073602471777611
1337,walking,ADJ,1,0.20175222136801796
1338,rail,ADJ,1,0.6199225561983343
1339,skyline,ADJ,1,0.520398760403859
1340,united,ADJ,1,0.298779129542926
1341,front,ADJ,4,0.3549227564482861
1342,small,ADJ,110,0.20284825983592703
1343,transportable,ADJ,1,0.3780305210273068
1344,powered,ADJ,19,0.2784384846245459
1345,mega,ADJ,1,0.2318315505502384
1346,rectangular,ADJ,1,0.24152156661857146
1347,incoming,ADJ,1,0.20810828875477375
1348,high,ADJ,46,0.23142954097291113
1349,gated,ADJ,1,0.3033205886615959
1350,near,ADJ,11,0.3186580325469558
1351,mechanical,ADJ,5,0.24769532577994025
1352,hover,ADJ,1,0.2869290376031671
1353,outdoor,ADJ,4,0.21513336965302324
1354,general,ADJ,9,0.20003983489997176
1355,electric,ADJ,73,0.37398036981257876
1356,urban,ADJ,7,0.4419610244735108
1357,walkable,ADJ,4,0.442154092419181
1358,east,ADJ,1,0.3063002791378917
1359,downtown,ADJ,1,0.7016198646322833
1360,minimum,ADJ,2,0.2638396984880641
1361,supersonic,ADJ,1,0.26468286788198037
1362,predesignated,ADJ,1,0.23248467361597489
1363,rental,ADJ,16,0.27725418228703
1364,hilly,ADJ,2,0.3120644717147614
1365,pressurized,ADJ,1,0.2799845402977655
1366,lynx,ADJ,1,0.2204277580630718
1367,bulk,ADJ,1,0.26386706401019555
1368,private,ADJ,10,0.2866600345261277
1369,temporary,ADJ,1,0.3493928280352797
1370,regional,ADJ,3,0.3750798193401995
1371,outlying,ADJ,3,0.2677955885682677
1372,flat,ADJ,8,0.30541033659473743
1373,amphibious,ADJ,1,0.3054260855997688
1374,pulse,ADJ,1,0.23659033894200598
1375,fast,ADJ,35,0.22915665822283482
1376,robotic,ADJ,1,0.23625169468184515
1377,back,ADJ,2,0.20551291173302078
1378,nationwide,ADJ,1,0.291403888178412
1379,hazardous,ADJ,1,0.2787106764718365
1380,its,ADJ,25,0.42240929947588124
1381,suburban,ADJ,4,0.5319685421589307
1382,dense,ADJ,2,0.2661226884602761
1383,efficient,ADJ,28,0.2739327843399618
1384,interstate,ADJ,1,0.5592640282686232
1385,national,ADJ,2,0.22297022957547152
1386,backpack,ADJ,1,0.33982515989375317
1387,modular,ADJ,1,0.3098109614030041
1388,motorized,ADJ,3,0.49742546816426625
1389,driveable,ADJ,2,0.4062045446965246
1390,overhead,ADJ,3,0.42045190829977613
1391,lyft,ADJ,1,0.297666264264485
1392,congested,ADJ,4,0.34294029016743643
1393,southern,ADJ,1,0.31451624892839153
1394,double,ADJ,3,0.24251487517713255
1395,nearby,ADJ,8,0.3611638576790101
1396,weatherproof,ADJ,1,0.29062619047850025
1397,wifi,ADJ,1,0.3603456403822454
1398,fixed,ADJ,2,0.3433016515652531
1399,heavy,ADJ,5,0.35238535469006305
1400,stationary,ADJ,1,0.32388565618384313
1401,local,ADJ,37,0.3764135444853186
1402,frictionless,ADJ,1,0.2506421844939401
1403,mobile,ADJ,11,0.4138507882455654
1404,portal,ADJ,3,0.27473065471921354
1405,convertible,ADJ,1,0.391222008406275
1406,optional,ADJ,1,0.2214591874601104
